seed,n_eval_episodes,reward_mean,reward_std,len_mean,len_std,success_rate,success_threshold,frame_stack,env_name
0,10,295.830701,189.16566407948153,1000.0,0.0,0.6,200.0,4,CarRacing-v2
1,10,235.12598699999998,57.06034879442106,1000.0,0.0,0.6,200.0,4,CarRacing-v2
2,10,246.8032374,191.23253949075507,1000.0,0.0,0.5,200.0,4,CarRacing-v2
3,10,223.63430010000002,164.55797487502323,1000.0,0.0,0.5,200.0,4,CarRacing-v2
4,10,285.1796984,135.32815466417455,1000.0,0.0,0.7,200.0,4,CarRacing-v2
