seed,n_eval_episodes,reward_mean,reward_std,len_mean,len_std,success_rate,success_threshold,frame_stack,env_name
0,10,50.85163949999999,61.67370662114714,1000.0,0.0,0.0,200.0,4,CarRacing-v2
1,10,1.8466175,9.61064985117485,1000.0,0.0,0.0,200.0,4,CarRacing-v2
2,10,12.526959800000002,29.399052844849685,1000.0,0.0,0.0,200.0,4,CarRacing-v2
3,10,25.0430485,51.57011383175169,1000.0,0.0,0.0,200.0,4,CarRacing-v2
4,10,13.1186149,34.21476150257556,1000.0,0.0,0.0,200.0,4,CarRacing-v2
