seed,n_eval_episodes,reward_mean,reward_std,len_mean,len_std,success_rate,success_threshold,frame_stack,env_name
0,10,625.6188706,215.20844636987576,1000.0,0.0,1.0,200.0,4,CarRacing-v2
1,10,619.5084746,291.6927177769237,969.3,97.08192416716925,0.9,200.0,4,CarRacing-v2
2,10,598.7021797,340.2331344042951,928.9,121.13761687528041,0.8,200.0,4,CarRacing-v2
3,10,740.0282083,188.64880509086817,974.0,82.21921916437786,1.0,200.0,4,CarRacing-v2
4,10,678.0827499,287.657350190856,948.5,109.13523720595471,1.0,200.0,4,CarRacing-v2
